dg_id,player_name,country,event_name,current_round,dk_id,dk_salary,fd_id,fd_salary,yh_id,yh_salary,early_late,last_updated,primary_tour,datagolf_rank,owgr_rank,dg_skill_estimate,make_cut_baseline,top_10_baseline,top_20_baseline,top_5_baseline,win_baseline,baseline_pred,timing_adjustment,age_adjustment,strokes_gained_category_adjustment,course_experience_adjustment,course_history_adjustment,total_course_history_adjustment,total_fit_adjustment,driving_accuracy_adjustment,driving_distance_adjustment,other_fit_adjustment,final_pred,bet365
12321,"Aphibarnrat, Kiradech",THA,Fortinet Championship,1,19186949,7300,64033-77810,8500,golf.p.10260,20.0,0,2021-09-15 16:44:17 UTC,PGA,164.0,195.0,-0.0934255663602448,0.5043,0.06365,0.138575,0.0306,0.0052,-0.10123639171709402,0.00702927743870012,0.0020118155790176,0.0367713518297348,-0.034,-0.0159469721176182,-0.0499469721176182,0.01043775103098934,0.0037301220581682604,-0.00554411923157382,0.0122517482043949,-0.09493316795626999,111.0
8469,"Armour, Ryan",USA,Fortinet Championship,1,19186972,6900,64033-77816,8200,golf.p.3489,23.0,0,2021-09-15 16:44:17 UTC,PGA,127.0,226.0,0.0806930601338672,0.523575,0.0686,0.143625,0.031575,0.00425,0.0714104301415969,0.0208806673441178,-0.0447670689546827,-0.0636033832420611,-0.0016,-0.0285072076498085,-0.0301072076498085,0.03228466035548375,0.0522859021255353,-0.0246858188017631,0.00468457703171155,-0.0139019020053538,176.0
26211,"Augenstein, John",USA,Fortinet Championship,1,19187014,6400,64033-103436,7000,golf.p.23184,20.0,1,2021-09-15 16:44:17 UTC,AM,368.0,501.0,-0.864883931508016,0.3466,0.021275,0.055475,0.008575,0.001,-0.8706794199602119,0.0260406357481258,0.0313575754417738,0.0153208591497092,-0.04,0.0,-0.04,0.03824497337423268,-0.00857501780547582,0.0106442141061661,0.0361757770735424,-0.7997153762463699,351.0
6252,"Baddeley, Aaron",AUS,Fortinet Championship,1,19187026,6200,64033-77823,7000,golf.p.3175,20.0,0,2021-09-15 16:44:17 UTC,PGA,250.0,501.0,-0.4792846753877179,0.394325,0.0238,0.064375,0.009875,0.001225,-0.485624250524973,-0.0135534646701545,-0.0270433922058894,-0.0826154365605569,0.10400000000000001,0.0560106647349868,0.160010664734987,-0.030359055356736074,-0.0245625271417393,-0.0140255689491542,0.00822904073415743,-0.479184934583323,301.0
16566,"Barjon, Paul",FRA,Fortinet Championship,1,19187035,6200,64033-77832,7000,golf.p.21180,21.0,1,2021-09-15 16:44:17 UTC,KFT,389.0,271.0,-0.915709879028482,0.333175,0.01595,0.044875,0.006,0.0006,-0.919880545585575,-0.0389246305252651,0.0130527945372824,0.0418456666078587,-0.04,0.0,-0.04,0.08063024099737125,0.000888719669591452,0.0203784466404608,0.059363074687318995,-0.863276473968328,351.0
8182,"Blixt, Jonas",SWE,Fortinet Championship,1,19187045,6100,64033-77867,7000,golf.p.7182,20.0,0,2021-09-15 16:44:17 UTC,,,,,0.319225,0.015,0.040725,0.00545,0.000725,-0.8417289786211121,-0.22392582389380303,-0.0162929653254738,0.0349101483357981,0.055999999999999994,0.0237066681275914,0.0797066681275914,0.06761093266252949,0.007590115340257371,-0.0014880780134162801,0.0615088953356884,-0.8997200187144699,501.0
14698,"Bramlett, Joseph",USA,Fortinet Championship,1,19186952,7300,64033-77884,8600,golf.p.11152,24.0,0,2021-09-15 16:44:17 UTC,PGA,94.0,157.0,0.262719414143343,0.5819,0.105125,0.201575,0.0526,0.009525,0.25444762126134,-0.0320049304534179,-0.0026370176665674898,0.103070847860819,-0.004,-0.00305140461487855,-0.00705140461487855,-0.015447550840411,-0.0260027865761001,0.0257018600192449,-0.0151466242835558,0.300377565546885,81.0
11330,"Brown, Scott",USA,Fortinet Championship,1,19187046,6100,64033-77894,7000,golf.p.8620,20.0,1,2021-09-15 16:44:17 UTC,PGA,384.0,332.0,-0.9035403346640369,0.307075,0.013999999999999999,0.0377,0.0051,0.0006,-0.9120217747498509,0.0157453346814492,-0.0194890381818136,-0.120379758681648,0.055999999999999994,-0.0158173270894063,0.0401826729105937,0.04363729247707287,0.0078566460181448,-0.00855216279645283,0.0443328092553809,-0.9523252715441971,501.0
25363,"Buckley, Hayden",USA,Fortinet Championship,1,19186976,6800,64033-101528,8200,golf.p.22847,23.0,0,2021-09-15 16:44:17 UTC,KFT,224.0,246.0,-0.382154701004844,0.4327,0.035725,0.08455,0.01465,0.00195,-0.390084234607169,-0.0602392219405421,0.0249654297290941,-0.0300822851317488,-0.04,0.0,-0.04,0.014806567629429668,-0.0212368522028114,0.00464789988772847,0.0313955199445126,-0.48063374432093603,201.0
11082,"Burgoon, Bronson",USA,Fortinet Championship,1,19186997,6600,64033-77902,7300,golf.p.8509,20.0,0,2021-09-15 16:44:17 UTC,PGA,192.0,311.0,-0.20990939769707698,0.466375,0.046325,0.105075,0.020425,0.0028,-0.218274295459027,-0.0392226651688137,-0.0055425384450582295,-0.00963231683559399,0.032,-0.00387924294594505,0.028120757054055003,0.004207634858704301,-0.007539056222407009,0.00479994275497737,0.00694674832613394,-0.240343423995733,301.0
6931,"Byrd, Jonathan",USA,Fortinet Championship,1,19187057,6000,64033-77905,7000,golf.p.3623,20.0,1,2021-09-15 16:44:17 UTC,PGA,387.0,501.0,-0.912144109113466,0.3054,0.0144,0.038325,0.005775,0.000775,-0.9179185749704879,0.0103624351098046,-0.0380843711641542,-0.121557093678432,-0.012,0.0057799008100487895,-0.00622009918995121,-0.007380972702936497,-0.0204518351129942,-0.0167384579814635,0.0298093203915212,-1.0807986765961601,1001.0
23542,"Champ, Cameron",USA,Fortinet Championship,1,19186919,9000,64033-80553,10800,golf.p.21805,38.0,1,2021-09-15 16:44:17 UTC,PGA,152.0,69.0,-0.0449764630503494,0.515,0.0714,0.1466,0.033,0.005375,-0.0540663549376927,-0.0177942352956852,0.0223504610284525,0.0926039451259125,0.02,0.0485307444681184,0.0685307444681184,0.05051498494863629,-0.0163572312831621,0.0408928578723409,0.0259793583594575,0.162139545337742,46.0
13305,"Chappell, Kevin",USA,Fortinet Championship,1,19186999,6500,64033-77934,7700,golf.p.9800,20.0,0,2021-09-15 16:44:17 UTC,PGA,194.0,501.0,-0.21230648352673395,0.455825,0.04955,0.1081,0.02275,0.00365,-0.22044719906574398,0.0435757405967988,-0.008738611301397971,-0.109558732436056,0.0176,-0.0285807402046428,-0.0109807402046428,-0.0007628392636824712,-0.0197476756044474,0.00570230757757223,0.0132825287631927,-0.306912381674724,226.0
17881,"Chun-an, Yu",TPE,Fortinet Championship,1,19186979,6800,64033-84456,7600,golf.p.22750,20.0,1,2021-09-15 16:44:17 UTC,AM,240.0,447.0,-0.446380674201118,0.42175,0.035825,0.08800000000000001,0.014575,0.002225,-0.45222241285898,0.00115245092506433,0.0333914399867172,-0.007536709409293941,-0.04,0.0,-0.04,0.05676675199241573,-0.006107290539426271,0.0174689547546404,0.0454050877772016,-0.40844847936407597,
23604,"Clark, Wyndham",USA,Fortinet Championship,1,19187013,6400,64033-80788,7100,golf.p.21868,22.0,1,2021-09-15 16:44:17 UTC,PGA,272.0,208.0,-0.559503406765364,0.412175,0.0332,0.0786,0.0137,0.002125,-0.569098484952687,-0.0189953460776153,0.0171205236271692,0.0968306839075926,0.008,0.00869061868833159,0.0166906186883316,-0.0002338711802635958,-0.053285865794257994,0.0255830478591643,0.0274689467548301,-0.45768587598747296,251.0
18579,"Cook, Austin",USA,Fortinet Championship,1,19187025,6300,64033-77967,7100,golf.p.18437,20.0,0,2021-09-15 16:44:17 UTC,PGA,305.0,299.0,-0.6986794394992021,0.377975,0.02235,0.05765,0.009275,0.0011,-0.705667242424048,-0.0343900854875117,0.00753230505814995,0.00323756656740029,-0.016,-0.00746755717975073,-0.0234675571797507,0.0450333751891784,0.0143987277965952,-0.0136483897561979,0.0442830371487811,-0.7077216382765821,351.0
17570,"Creel, Joshua",USA,Fortinet Championship,1,19186983,6700,64033-82996,8100,golf.p.21110,20.0,0,2021-09-15 16:44:17 UTC,KFT,207.0,279.0,-0.29325199514683503,0.446925,0.041525,0.095675,0.0171,0.002025,-0.30116167967721996,-0.0278170754753098,0.0040456801239610604,-0.0260739109032394,-0.04,0.0,-0.04,0.030936639888462472,0.00811164447377939,-0.00285010593576982,0.0256751013504529,-0.360070346043346,251.0
27996,"Cummins, Quade",USA,Fortinet Championship,1,19187049,6100,64033-151421,7000,golf.p.23750,20.0,0,2021-09-15 16:44:17 UTC,AM,491.0,501.0,-1.2684662323991,0.27135,0.008325,0.02435,0.0027,0.000325,-1.2729200492900101,-0.0452023503138028,0.0313575754417736,-0.0319492626050034,-0.04,0.0,-0.04,0.0707163740864981,-0.00675549716593351,-0.0004203500426701,0.0778922212951017,-1.28799771268054,501.0
15162,"Drewitt, Brett",AUS,Fortinet Championship,1,19187050,6000,64033-78026,7000,golf.p.17788,22.0,0,2021-09-15 16:44:17 UTC,KFT,294.0,348.0,-0.6545781503801861,0.378825,0.0239,0.060025,0.0096,0.001225,-0.663633188395276,-0.0029826649774626897,0.00666064882460282,-0.0333857156768903,0.008,0.0518776750908442,0.0598776750908442,0.02417897287383073,-0.00259576260836588,-0.009097170054369691,0.0358719055365663,-0.6092842722603511,351.0
7301,"Dufner, Jason",USA,Fortinet Championship,1,19186981,6800,64033-78034,7800,golf.p.4269,20.0,0,2021-09-15 16:44:17 UTC,PGA,133.0,396.0,0.0446318061116663,0.513025,0.0632,0.13635,0.028525,0.004525,0.0359787531493285,-0.0193947179881377,-0.0409898919426448,0.00628992448361402,-0.016,-0.009163181960023041,-0.025163181960023,0.01882474759494468,0.0238240383790795,-0.008771750983080941,0.0037724601989461205,-0.0244543666629182,226.0
10060975,"Duncan, Michael",USA,Fortinet Championship,1,19187060,6000,64033-161548,7000,golf.p.24131,20.0,0,2021-09-15 16:44:17 UTC,,,,,0.035825,2.5e-05,0.000375,0.0,0.0,-3.78,0.0,0.0,-0.115483341309848,-0.04,0.0,-0.04,0.1277630224557732,-0.0244146268773703,-0.0194544541605765,0.17163210349372,-3.8077203188540696,2501.0
18187,"Duncan, Tyler",USA,Fortinet Championship,1,19187000,6500,64033-79454,7000,golf.p.18510,20.0,0,2021-09-15 16:44:17 UTC,PGA,279.0,291.0,-0.572953808487412,0.4317,0.03815,0.08925,0.01585,0.001975,-0.5798827965756801,0.0171173517742804,0.0017212635011685199,0.113351756569339,0.044000000000000004,0.00483230908923572,0.0488323090892357,0.05319865645726552,0.0282269264904356,-0.00945233423519778,0.0344240642020277,-0.34566145918439095,351.0
11955,"Frittelli, Dylan",RSA,Fortinet Championship,1,19186942,7500,64033-78101,9000,golf.p.8937,33.0,1,2021-09-15 16:44:17 UTC,PGA,124.0,86.0,0.109600074878143,0.55795,0.0948,0.185575,0.045125,0.00785,0.100278435152555,-0.00873892971139065,0.0049173363575083,0.167853807464208,0.008,0.0318105465794181,0.0398105465794181,-0.01617403813084244,-0.0241344634824129,0.0147305728355634,-0.00677014748399294,0.287947157711456,126.0
11451,"Garnett, Brice",USA,Fortinet Championship,1,19186984,6700,64033-78118,8000,golf.p.8702,20.0,1,2021-09-15 16:44:17 UTC,PGA,136.0,235.0,0.0327976915606497,0.50215,0.062125,0.13625,0.02725,0.0038,0.0199549732109354,0.000997334861847951,-0.0186173819482664,-0.0159097469929367,0.0368,0.0253583661011184,0.0621583661011184,0.0336789059698678,0.0329729622804681,-0.014214773854747,0.0149207175441467,0.0822624512025665,201.0
24550,"Ghim, Doug",USA,Fortinet Championship,1,19186931,7900,64033-82444,9700,golf.p.22376,24.0,1,2021-09-15 16:44:17 UTC,PGA,78.0,231.0,0.38072402614247797,0.628825,0.14435,0.26165,0.07855,0.01655,0.37019757914099,0.0354481458642933,0.0255465338847923,0.207231165778823,-0.016,0.0301403756251187,0.0141403756251187,0.01379843719544304,0.0380210712870975,-0.00257672166147306,-0.0216459124301814,0.66636223748946,61.0
13404,"Gligic, Michael",CAN,Fortinet Championship,1,19187001,6500,64033-78134,7500,golf.p.10727,20.0,0,2021-09-15 16:44:17 UTC,PGA,241.0,381.0,-0.446911688913045,0.4012,0.026425,0.06825,0.0109,0.0016,-0.453928940609562,-0.0194429358788109,0.00259291973471576,-0.13391991926532001,0.008,0.0526845907791744,0.0606845907791744,0.011197329136184967,-0.0140299524888735,-0.000798657273082634,0.0260259388981411,-0.532816956103618,301.0
18580,"Gooch, Talor",USA,Fortinet Championship,1,19186929,8000,64033-78140,9700,golf.p.18438,35.0,1,2021-09-15 16:44:17 UTC,PGA,51.0,77.0,0.664537692072848,0.6086,0.1231,0.2328,0.0628,0.010325,0.65336036236468,-0.00205144031352655,0.00985672168094254,-0.128580627578574,0.02,-0.015812748124715,0.00418725187528496,-0.03654272123655252,0.00199372662204334,0.00585790733203464,-0.0443943551906305,0.500229546792255,71.0
15330,"Griffin, Lanto",USA,Fortinet Championship,1,19186953,7300,64033-79480,9300,golf.p.11626,33.0,1,2021-09-15 16:44:17 UTC,PGA,72.0,93.0,0.441806449037428,0.567575,0.094825,0.1898,0.045125,0.006999999999999999,0.43221359786934205,0.0160005811939428,-0.00205591351086942,-0.13516621656451802,-0.004,0.0133287339393556,0.00932873393935561,-0.01768444310950654,-0.00963756274008384,0.0122049580579765,-0.0202518384273992,0.302636339817746,111.0
12808,"Grillo, Emiliano",ARG,Fortinet Championship,1,19186920,8900,64033-78154,10300,golf.p.11523,38.0,1,2021-09-15 16:44:17 UTC,PGA,52.0,74.0,0.61126451104455,0.62525,0.144175,0.261575,0.076325,0.0146,0.600283691693381,0.00736995164410004,0.0127622424594332,0.0285506468478821,0.092,0.0268520676125685,0.118852067612569,0.002736754235100808,0.0263281519468989,0.00593844261118401,-0.0295298403229821,0.770555354492466,51.0
7305,"Gutschewski, Scott",USA,Fortinet Championship,1,19187053,6000,64033-156418,7000,golf.p.3700,20.0,1,2021-09-15 16:44:17 UTC,KFT,239.0,481.0,-0.432931900484066,0.399875,0.02815,0.0707,0.0112,0.0013,-0.44048037272154295,-0.03647985315299299,-0.0427332044097392,0.00687285542617365,-0.04,0.0,-0.04,0.0438147182804475,-0.0133673745747188,0.0118247067113408,0.0453573861438255,-0.509005856577654,401.0
7900,"Haas, Bill",USA,Fortinet Championship,1,19187036,6200,64033-78162,7000,golf.p.3610,20.0,1,2021-09-15 16:44:17 UTC,PGA,288.0,501.0,-0.630071733046586,0.37065,0.02365,0.0599,0.00995,0.001,-0.636111810474281,-0.00917913413449223,-0.0229756631160024,-0.0125393363003034,0.016,0.038953938773473,0.054953938773473,0.00586283848541487,-0.0166962411712685,-0.0029818677877147303,0.0255409474443981,-0.6199891667661911,401.0
14967,"Hadley, Chesson",USA,Fortinet Championship,1,19186967,7000,64033-78165,7800,golf.p.11378,20.0,0,2021-09-15 16:44:17 UTC,PGA,196.0,263.0,-0.218767347032018,0.43585,0.03835,0.089025,0.016525,0.00215,-0.22949698090754897,-0.0085804256444407,-0.00525198636720917,-0.18951443225654396,0.08,0.0586039501694203,0.13860395016942,-0.0005043579484350462,-0.0108102759290019,0.000598553602235214,0.00970736437833164,-0.294744232954758,201.0
13965,"Hadwin, Adam",CAN,Fortinet Championship,1,19186934,7800,64033-78166,9000,golf.p.11148,33.0,1,2021-09-15 16:44:17 UTC,PGA,89.0,127.0,0.291324479683788,0.542875,0.082125,0.16899999999999998,0.038425,0.005625,0.27757342750425296,0.006631064873656721,-0.00408977805581284,-0.0913716331687879,0.04,0.0161126282527427,0.0561126282527427,0.010550468330133572,0.0236405179404897,-0.006360744559605129,-0.006729305050751,0.255406177736185,76.0
18695,"Hagy, Brandon",USA,Fortinet Championship,1,19186989,6700,64033-78168,7600,golf.p.13038,24.0,1,2021-09-15 16:44:17 UTC,PGA,199.0,155.0,-0.235015949817883,0.5057,0.070675,0.144625,0.033575,0.005375,-0.245219662901161,0.00768439149924693,0.00782285713599901,0.202602373935416,0.032,-0.0164556807865788,0.0155443192134212,0.011360393221939297,-0.0455283748711689,0.034746262746028996,0.0221425053470792,-0.000205327895139008,176.0
11374,"Hahn, James",USA,Fortinet Championship,1,19186982,6800,64033-78169,7800,golf.p.10606,27.0,0,2021-09-15 16:44:17 UTC,PGA,177.0,188.0,-0.152404668658601,0.4684,0.04675,0.108075,0.01995,0.003225,-0.160114653871762,-0.0770301503864329,-0.0250095276609459,0.00142721184030806,0.05,0.0167268976373177,0.0667268976373177,0.03277205125462646,0.0188849891916426,-0.00270414079827634,0.0165912028612602,-0.161228171186889,251.0
19865,"Hardy, Nick",USA,Fortinet Championship,1,19187027,6200,64033-78185,7100,golf.p.19933,21.0,1,2021-09-15 16:44:17 UTC,KFT,171.0,280.0,-0.123147161571039,0.494925,0.061525,0.130925,0.0282,0.004075,-0.13195395270937998,0.0223157930049555,0.024674877651244997,0.0379556332330127,-0.04,0.0,-0.04,0.005831351712808049,-0.0162258674186097,0.015743221425576,0.00631399770584175,-0.0811762971073586,226.0
7340,"Hearn, David",CAN,Fortinet Championship,1,19187051,6000,64033-78195,7000,golf.p.5725,20.0,1,2021-09-15 16:44:17 UTC,PGA,289.0,501.0,-0.633758348868134,0.317075,0.01325,0.03875,0.005,0.000525,-0.6397811243434119,-0.0260432328157212,-0.0331449858407198,-0.21964122692251,0.098,-0.0264813820728961,0.0715186179271039,0.014997236983403502,0.02937405890567,-0.0358532504776379,0.0214764285553714,-0.832094715011856,401.0
17064,"Herbert, Lucas",AUS,Fortinet Championship,1,19186936,7700,64033-78211,8600,golf.p.13187,40.0,1,2021-09-15 16:44:17 UTC,EURO,101.0,51.0,0.22151849901466394,0.5514,0.09195,0.18135,0.0454,0.008625,0.21222270883979502,0.0512996334190091,0.0240937734955469,-0.0332685676116587,-0.04,0.0,-0.04,-0.012762724588529083,-0.0303274724560665,0.0239001807205462,-0.006335432853008779,0.201584823554163,101.0
12846,"Herman, Jim",USA,Fortinet Championship,1,19187003,6500,64033-78212,7200,golf.p.9508,20.0,0,2021-09-15 16:44:17 UTC,PGA,218.0,159.0,-0.34248625040953,0.439075,0.04025,0.09295,0.017825,0.0023,-0.352641030613892,0.041064043424752,-0.0389560273977013,-0.0677469990077215,-0.0112,-0.0409714626117539,-0.0521714626117539,0.05660569907161995,0.0320861969533997,-0.00939971042596135,0.0339192125441816,-0.413845777134697,276.0
21237,"Hickok, Kramer",USA,Fortinet Championship,1,19186988,6700,64033-78214,7700,golf.p.20681,23.0,1,2021-09-15 16:44:17 UTC,PGA,174.0,154.0,-0.13060244233742,0.5016,0.065,0.1376,0.030025,0.00455,-0.139005202049547,0.0325489456520775,0.0113094820701878,0.0831267050157515,-0.016,-0.042033364578021,-0.05803336457802099,0.033075343751652046,0.0335984665493857,-0.0088942763045984,0.00837115350686475,-0.036978090137899,201.0
14140,"Higgs, Harry",USA,Fortinet Championship,1,19186939,7600,64033-116964,9100,golf.p.10706,28.0,1,2021-09-15 16:44:17 UTC,PGA,110.0,123.0,0.152592912496612,0.4969,0.0633,0.136025,0.028925,0.004475,0.142686974956433,0.0187748791074085,0.0101472737587916,-0.185589719947597,0.008,0.0544486176556179,0.0624486176556179,-0.0020102484328108714,-0.0117320639416687,0.0051999259774931795,0.00452188953136465,0.0464577770978432,81.0
14081,"Hoag, Bo",USA,Fortinet Championship,1,19186978,6800,64033-116965,7900,golf.p.10497,21.0,0,2021-09-15 16:44:17 UTC,PGA,166.0,249.0,-0.10080170691674,0.491475,0.0553,0.122025,0.024825,0.0038,-0.109295730179606,0.0306866004345639,-0.00147480935517125,-0.0300998362609716,0.008,0.026266996637694003,0.034266996637694,0.009421029323014422,0.0191521571438217,-0.008206080770586209,-0.00152504705022107,-0.06649574940047599,251.0
25157,"Hodges, Lee",USA,Fortinet Championship,1,19186995,6600,64033-101765,7200,golf.p.22885,21.0,1,2021-09-15 16:44:17 UTC,KFT,184.0,275.0,-0.18895451252533202,0.47545,0.049475,0.11535,0.021775,0.003025,-0.19643459362444798,0.016447858087079,0.0223504610284525,-0.0028111089156827,-0.04,0.0,-0.04,0.014778928926945089,0.00345052481662698,-0.00616447118694519,0.0174928752972633,-0.18566845449765398,251.0
5768,"Hoffman, Charley",USA,Fortinet Championship,1,19186921,8800,64033-78223,10500,golf.p.696,39.0,0,2021-09-15 16:44:17 UTC,PGA,38.0,62.0,0.985289905234804,0.659975,0.17265,0.29685,0.094125,0.020525,0.9725900146080521,0.0176960403501927,-0.041861548176192004,-0.17494390448604902,-0.016,-0.0214787873141101,-0.0374787873141101,-0.026170860102029278,-0.004656220732324579,0.0161635282579706,-0.0376781676276753,0.709830954879865,46.0
15575,"Hoge, Tom",USA,Fortinet Championship,1,19186959,7100,64033-78225,8300,golf.p.11792,26.0,0,2021-09-15 16:44:17 UTC,PGA,160.0,117.0,-0.0813700271214361,0.51185,0.0626,0.13665,0.02895,0.0044,-0.0891592500600243,0.0128876579302644,0.0014307114233194599,0.0365493829084163,0.068,0.0388470121051513,0.106847012105151,0.010143673487588812,0.0176165373417308,-0.010871438638014999,0.00339857478387301,0.0786991877947156,151.0
7959,"Holmes, J.B.",USA,Fortinet Championship,1,19187022,6300,64033-78227,7500,golf.p.5998,20.0,1,2021-09-15 16:44:17 UTC,PGA,336.0,501.0,-0.772900645991216,0.286375,0.01355,0.036075,0.004975,0.0005,-0.7825882961695542,-0.13389091562481598,-0.0232662151938516,-0.24990589371078,-0.016,0.021121199987973998,0.00512119998797401,0.013254890544704405,-0.0434430377106822,0.0122827201195004,0.0444152081358862,-1.17127523016632,301.0
17538,"Homa, Max",USA,Fortinet Championship,1,19186922,8700,64033-78228,10100,golf.p.13933,41.0,1,2021-09-15 16:44:17 UTC,PGA,66.0,44.0,0.477447920982635,0.5998,0.1233,0.23035,0.062575,0.0114,0.466964920447757,0.0196273472378436,0.00666064882460271,-0.004267220804579671,0.044000000000000004,-0.0153723073455991,0.0286276926544009,-0.01715749316076525,-0.00691887397634005,0.0114133799316332,-0.0216519991160584,0.500455895199259,67.0
15470,"Hossler, Beau",USA,Fortinet Championship,1,19187023,6300,64033-79365,7500,golf.p.11706,20.0,0,2021-09-15 16:44:17 UTC,PGA,271.0,340.0,-0.5569992302194711,0.41915,0.0323,0.07935,0.013675,0.001725,-0.5650284931173499,0.0225008467553747,0.0217693568727543,-0.00919796998099292,0.032,-0.0373970663143766,-0.005397066314376579,0.023772366054126203,-0.024035521786409997,0.0151809087691351,0.0326269790714011,-0.511580959730465,301.0
6892,"Howell III, Charles",USA,Fortinet Championship,1,19186935,7700,64033-78239,9300,golf.p.577,28.0,0,2021-09-15 16:44:17 UTC,PGA,86.0,181.0,0.322925073071687,0.58845,0.111425,0.211575,0.056225,0.009775,0.312871223237491,-0.0150307150769707,-0.0331449858407199,0.0958927579356926,0.016,-0.0187331022370439,-0.00273310223704388,-0.0025379709285602917,-0.0081914716728631,0.0041710518794996895,0.0014824488648031199,0.35531720708988895,101.0
16333,"Hubbard, Mark",USA,Fortinet Championship,1,19186998,6500,64033-78241,7400,golf.p.14062,21.0,0,2021-09-15 16:44:17 UTC,PGA,144.0,229.0,-0.0115943261134366,0.495875,0.055325,0.12225,0.0247,0.003425,-0.0231688751455503,0.0235184822729917,0.0014307114233194599,-0.13552878019391001,0.055999999999999994,0.0348742050161634,0.0908742050161634,-0.004577291296500789,0.0266975655161428,-0.0246182875642524,-0.00665656924839119,-0.047451547923487,251.0
14606,"Huh, John",USA,Fortinet Championship,1,19186996,6600,64033-78245,7900,golf.p.11092,20.0,0,2021-09-15 16:44:17 UTC,PGA,151.0,329.0,-0.0269965603569237,0.53625,0.075275,0.156075,0.03515,0.00545,-0.0340129384506596,-0.0335759083396112,0.0049173363575082795,0.12264984811421001,0.044000000000000004,-0.0262443127244136,0.0177556872755864,0.00642276918581235,0.017915204317168,-0.0139217035928466,0.00242926846149095,0.0841567941428461,201.0
16394,"Jaeger, Stephan",GER,Fortinet Championship,1,19186927,8200,64033-78268,9800,golf.p.12995,33.0,0,2021-09-15 16:44:17 UTC,KFT,88.0,116.0,0.314421092015821,0.5707,0.09935,0.193675,0.049425,0.0092,0.304931562839362,-0.0208451577056338,0.0014307114233194599,0.00293936815697814,-0.004,0.0202038685473621,0.0162038685473621,-0.04781589039692623,-0.004181484892242579,-0.00570001944845415,-0.0379343860562295,0.256844462864461,81.0
7881,"Kang, Sung",KOR,Fortinet Championship,1,19187016,6400,64033-78310,7400,golf.p.9583,20.0,1,2021-09-15 16:44:17 UTC,PGA,413.0,252.0,-1.01530691837665,0.29855,0.012975,0.035525,0.0048,0.000625,-1.0202923155599,-0.0202916207123842,-0.00554253844505803,-0.0782641125501836,0.0128,-0.0257198056366319,-0.0129198056366319,0.02799936963845455,-0.0171785103134547,-0.00448880992829185,0.0496666898802011,-1.10931102326571,351.0
17543,"Kim, Michael",USA,Fortinet Championship,1,19209937,6000,64033-78344,7000,golf.p.13935,20.0,1,2021-09-15 16:44:17 UTC,,,,,0.1565,0.0018,0.0068,0.00055,5e-05,-1.85449188656825,0.00534069589666952,0.0156677632379236,-0.20487729395329302,0.068,0.018802964470569,0.08680296447056901,-0.021174839612456794,-0.0550183046712013,-0.0101732462179699,0.0440167112767144,-1.97273259652884,
14609,"Kim, Si Woo",KOR,Fortinet Championship,1,19186916,9300,64033-78346,10700,golf.p.13192,40.0,1,2021-09-15 16:44:17 UTC,PGA,74.0,50.0,0.423921095379676,0.62145,0.145625,0.2575,0.076825,0.01525,0.414224759931878,0.00992065054427199,0.0226410131063016,0.17626419018470102,-0.004,-0.0135544212651092,-0.0175544212651092,-0.01211243400480211,0.0124452149485051,-0.00160368153354151,-0.0229539674197657,0.593383758497242,51.0
21891,"Kitayama, Kurt",USA,Fortinet Championship,1,19187018,6300,64033-78357,7000,golf.p.20654,26.0,1,2021-09-15 16:44:17 UTC,EURO,220.0,163.0,-0.3490996854321551,0.444625,0.042675,0.099175,0.0185,0.002775,-0.35864568883999803,-0.0150985847123335,0.0139244507708295,0.0658218787334989,-0.027999999999999997,0.0047769894091149396,-0.0232230105908851,-0.007848835197877239,-0.0389010188517782,0.0225022170417295,0.00854996661217146,-0.325069789836765,276.0
13470,"Kizzire, Patton",USA,Fortinet Championship,1,19186944,7500,64033-78358,9500,golf.p.9927,34.0,0,2021-09-15 16:44:17 UTC,PGA,63.0,115.0,0.514785132068044,0.59735,0.113775,0.216125,0.056475,0.0108,0.503392816128883,0.0129946234788459,-0.00990081961279426,-0.101509420231483,0.00799999999999999,0.0292364295281783,0.0372364295281783,-0.034329954224347675,-0.0162573227089298,0.0060180649878732295,-0.0240906965032911,0.407883675067282,81.0
16382,"Knous, Jim",USA,Fortinet Championship,1,19187056,6000,64033-79689,7000,golf.p.12983,20.0,0,2021-09-15 16:44:17 UTC,,,,,0.240525,0.006175,0.020775,0.0024,0.00025,-1.33531482907504,-0.142160666597685,0.0037551280461123296,-0.0189098673747105,-0.004,0.0246763169945198,0.0206763169945198,0.054837216597610386,-0.0245871019854604,0.0050431486959237794,0.074381169887147,-1.4171167014091999,751.0
13831,"Knox, Russell",SCO,Fortinet Championship,1,19186961,7100,64033-78363,8200,golf.p.10129,22.0,1,2021-09-15 16:44:17 UTC,PGA,135.0,256.0,0.0382917236108912,0.505675,0.062125,0.13615,0.02815,0.00415,0.0263253646772034,0.0107316388036929,-0.0122252362355868,-0.0206362845433535,0.008,-0.0206972070277121,-0.0126972070277121,0.0086174559807826,0.0259567444028711,-0.00866785860091775,-0.00867142982117075,0.00011573165502653401,151.0
16395,"Kohles, Ben",USA,Fortinet Championship,1,19187008,6400,64033-79671,7700,golf.p.12996,20.0,0,2021-09-15 16:44:17 UTC,KFT,204.0,367.0,-0.25713879235206305,0.451125,0.041325,0.096975,0.016975,0.00205,-0.26535988338612,-0.012328341426086,0.00404568012396112,-0.0525468433089534,-0.04,0.0,-0.04,0.007697609390838,0.0167748454999277,-0.0204465919139299,0.0113693558048402,-0.35849177860635995,301.0
15852,"Kraft, Kelly",USA,Fortinet Championship,1,19187052,6000,64033-78378,7000,golf.p.11984,20.0,0,2021-09-15 16:44:17 UTC,PGA,364.0,501.0,-0.858854927696103,0.359375,0.02245,0.055275,0.00865,0.000925,-0.86342327214206,0.0714919158082531,-0.0008937051994729609,-0.0488827643901931,0.032,-0.0372839580866462,-0.005283958086646189,0.025294603943426558,0.00421487375604026,-0.0132140075855178,0.0342937377729041,-0.821697180066693,401.0
6169,"Kuchar, Matt",USA,Fortinet Championship,1,19186968,7000,64033-78382,8900,golf.p.737,35.0,0,2021-09-15 16:44:17 UTC,PGA,115.0,83.0,0.138206460601037,0.475675,0.048925,0.109975,0.02165,0.002625,0.12564335426816,-0.0488937996896777,-0.0366316107749087,-0.27289332195425897,-0.022000000000000002,-0.0169176302377396,-0.0389176302377396,-0.0045640498690401425,0.0211489442224053,-0.020167913001009,-0.00554508109043644,-0.276257058257466,151.0
14000,"Landry, Andrew",USA,Fortinet Championship,1,19187005,6500,64033-78394,7000,golf.p.10193,21.0,1,2021-09-15 16:44:17 UTC,PGA,286.0,227.0,-0.6181404731696851,0.361425,0.0222,0.05705,0.00805,0.00115,-0.625162843045317,-0.0280740637351904,-0.00496143428936024,-0.0875249969034581,0.013999999999999999,0.0316742490248076,0.0456742490248076,0.0390340231553519,0.0199100134230255,-0.0123710726421751,0.0314950823745015,-0.6610150657931669,201.0
10943,"Lashley, Nate",USA,Fortinet Championship,1,19187034,6200,64033-78403,7100,golf.p.8423,20.0,1,2021-09-15 16:44:17 UTC,PGA,261.0,273.0,-0.522080534557912,0.378825,0.026925,0.0676,0.011275,0.00155,-0.527675126424518,-0.0483633203899447,-0.021232350648908,-0.0342786409892356,0.02,-0.0172336591699478,0.0027663408300522,0.007764947038175938,-0.00037380368330278103,-0.00994977692220758,0.0180885276436863,-0.6210181505843779,501.0
21943,"Lebioda, Hank",USA,Fortinet Championship,1,19186963,7100,64033-79954,8300,golf.p.21594,26.0,1,2021-09-15 16:44:17 UTC,PGA,83.0,183.0,0.35523062057133103,0.54245,0.0855,0.17135,0.041175,0.0069,0.34157931672626896,0.0564215266906404,0.0174110757050183,-0.21431005728117897,0.008,-0.0117321716071422,-0.00373217160714224,-0.02238394503322303,-0.00219399724369008,-0.000132759132634751,-0.0200571886568982,0.17498574520038299,141.0
11826,"Lee, Danny",NZL,Fortinet Championship,1,19187010,6400,64033-78415,7300,golf.p.8922,20.0,1,2021-09-15 16:44:17 UTC,PGA,178.0,267.0,-0.15430735618231,0.45785,0.046425,0.108075,0.019375,0.002325,-0.16259749884302402,-0.0267752030960479,0.00549844051320642,-0.0507410162681534,0.016,0.00996780905102942,0.0259678090510294,0.014271367558610847,-2.37599851959225e-05,0.00292861115560647,0.0113665163882003,-0.19437610108437803,251.0
7649,"Leishman, Marc",AUS,Fortinet Championship,1,19186915,9500,64033-78430,10600,golf.p.8442,35.0,0,2021-09-15 16:44:17 UTC,PGA,82.0,41.0,0.361717320696732,0.5658,0.093725,0.186525,0.04565,0.008075,0.35165621348927506,-0.00851520503181125,-0.0180362777925683,-0.0767544393383625,-0.016,0.0211485901242004,0.00514859012420038,-0.02994557475133222,-0.0117228441566918,-0.00148900758990132,-0.0167337230047391,0.22355330669940196,51.0
15980,"Lipsky, David",USA,Fortinet Championship,1,19186986,6700,64033-78450,7700,golf.p.12367,28.0,0,2021-09-15 16:44:17 UTC,KFT,181.0,166.0,-0.18320589515757899,0.4815,0.051075,0.115175,0.0223,0.0033,-0.19542085575664397,-0.000542642945110833,-0.0017653614330203102,-0.00396554257381413,-0.04,0.0,-0.04,-0.009509630202440576,0.000180769578060644,-0.00426362578091489,-0.00542677399958633,-0.25120403291103,201.0
7960,"List, Luke",USA,Fortinet Championship,1,19186960,7100,64033-78451,8600,golf.p.5995,27.0,1,2021-09-15 16:44:17 UTC,PGA,107.0,168.0,0.17786505296856,0.567975,0.094,0.189075,0.045825,0.007925,0.16851654017394502,0.0214993519277662,-0.0139685487026812,0.149129832678365,0.068,0.00506376613420626,0.0730637661342063,0.0016997095818654497,-0.020130997628388,0.0270339659718295,-0.00520325876157605,0.39994065179346705,111.0
15473,"Long, Adam",USA,Fortinet Championship,1,19186992,6600,64033-78456,7600,golf.p.11698,27.0,1,2021-09-15 16:44:17 UTC,PGA,183.0,125.0,-0.18550315022597,0.460975,0.0489,0.10845,0.021275,0.003325,-0.196876551980936,-0.0147818936490488,-0.00438033013366193,-0.0341656532168471,0.008,0.0151420830728244,0.0231420830728244,0.0383850148380719,0.0256874620344111,-0.0103724646644597,0.0230700174681205,-0.18867733106959697,251.0
11382,"Lovemark, Jamie",USA,Fortinet Championship,1,19187028,6200,64033-78465,7000,golf.p.8650,20.0,1,2021-09-15 16:44:17 UTC,PGA,338.0,454.0,-0.777900053140371,0.3559,0.023325,0.056225,0.008925,0.0013,-0.783440965448086,-0.0201398610867848,-0.00321812182226566,0.0393706315012763,0.08,-0.000363702507661468,0.0796362974923385,-0.004992877205310296,-0.04101288620153701,0.00379362602964741,0.0322263829665793,-0.6927848965688321,276.0
17723,"Lower, Justin",USA,Fortinet Championship,1,19187002,6500,64033-79537,7500,golf.p.14063,20.0,1,2021-09-15 16:44:17 UTC,KFT,219.0,364.0,-0.348795796413726,0.4293,0.03765,0.090075,0.01525,0.001975,-0.356260387693151,-0.0123914187893583,0.0008496072676213441,-0.0299359403259332,-0.04,0.0,-0.04,-0.002584415613088968,-0.000170566867085167,-0.0152185847506158,0.012804736004611999,-0.44032255515391,351.0
14926,"Malnati, Peter",USA,Fortinet Championship,1,19187040,6100,64033-78491,7000,golf.p.11369,20.0,1,2021-09-15 16:44:17 UTC,PGA,245.0,238.0,-0.455520449974123,0.396425,0.03165,0.075425,0.01215,0.001675,-0.46209248493087396,-0.0236291010472062,-0.0055425384450582,-0.0563137272396302,0.068,0.0422666211240107,0.110266621124011,-0.01655459566784634,-0.0218372320718411,-0.00995536701788794,0.0152380034218827,-0.453865826206605,351.0
14007,"Martin, Ben",USA,Fortinet Championship,1,19187031,6200,64033-78500,7000,golf.p.10185,20.0,1,2021-09-15 16:44:17 UTC,PGA,265.0,394.0,-0.537152953127441,0.385175,0.026975,0.0691,0.01145,0.00135,-0.544199820252302,-0.0546679734460512,-0.00467088221151102,0.0184187720234162,0.02,-0.0733941131681556,-0.0533941131681556,0.02792032758519125,0.00929673748932915,-0.01059246966841,0.0292160597642721,-0.610593689469412,351.0
13562,"Matsuyama, Hideki",JPN,Fortinet Championship,1,19186910,11000,64033-78508,11600,golf.p.11446,47.0,0,2021-09-15 16:44:17 UTC,PGA,27.0,17.0,1.1480777886128999,0.7487,0.278325,0.428725,0.170675,0.04475,1.13649478463099,0.004223118809693729,0.0110189299923389,0.146605582926036,-0.01,0.00568355178292276,-0.0043164482170772395,-0.04805419046405232,0.004339063643718479,0.011532794315836,-0.0639260484236068,1.24597177767793,23.0
19870,"McCarthy, Denny",USA,Fortinet Championship,1,19186987,6700,64033-78520,8200,golf.p.19930,23.0,0,2021-09-15 16:44:17 UTC,PGA,161.0,210.0,-0.0844989611775024,0.479525,0.0475,0.111775,0.02,0.003,-0.0928708008817501,0.0145492491044662,0.0145055549265276,-0.15104139851679502,-0.004,-0.0540023259812198,-0.0580023259812198,7.087523922962166e-05,0.0022997971257179197,-0.00267985664232346,0.000450934755835162,-0.272788846109541,251.0
22306,"McCarthy, Josh",USA,Fortinet Championship,1,19209938,6000,64033-161619,7000,n/a,0.0,0,2021-09-15 16:44:17 UTC,,,,,0.214725,0.0057,0.01675,0.0016,0.000225,-1.8341443570588702,0.22143357712408698,0.0,-0.0555235117124781,-0.04,0.0,-0.04,0.06487484333921946,-0.0121299369894548,-0.00942661021123415,0.0864313905399084,-1.6433594483080398,
17584,"McCumber, Tyler",USA,Fortinet Championship,1,19187032,6200,64033-78524,7000,golf.p.13963,20.0,0,2021-09-15 16:44:17 UTC,PGA,216.0,330.0,-0.340741222387706,0.500875,0.05965,0.1299,0.027625,0.004225,-0.34978372650802503,0.0215042973144376,0.00782285713599901,0.2045306558892,0.02,-0.0124036773239666,0.007596322676033441,0.030445250204178,-0.0119731101849013,0.0238409902659207,0.0185773701231586,-0.0778843432881766,301.0
12477,"McGirt, William",USA,Fortinet Championship,1,19187055,6000,64033-78528,7000,golf.p.9341,20.0,0,2021-09-15 16:44:17 UTC,PGA,310.0,501.0,-0.721798266618312,0.32325,0.014725,0.041575,0.005525,0.00055,-0.7179526537939541,-0.148187849425728,-0.0331449858407199,-0.113368114387188,0.009499999999999991,0.0102067731527728,0.0197067731527728,0.0077301127660720295,-0.0015948431558431698,-0.0242278829925575,0.0335528389144727,-0.985216717528746,601.0
23505,"McGreevy, Max",USA,Fortinet Championship,1,19187039,6100,64033-161547,7000,golf.p.22014,20.0,0,2021-09-15 16:44:17 UTC,KFT,232.0,247.0,-0.413795719525622,0.44695,0.04185,0.094525,0.017325,0.00255,-0.42075935866865705,0.0460738935375704,0.0220599089506034,-0.00755078503383592,-0.04,0.0,-0.04,0.014559199543455848,-0.00230118873779705,-0.0014035217503727,0.0182639100316256,-0.385617141670863,301.0
18634,"McNealy, Maverick",USA,Fortinet Championship,1,19186923,8600,64033-78538,10200,golf.p.18457,34.0,0,2021-09-15 16:44:17 UTC,PGA,60.0,113.0,0.532463107203254,0.647375,0.1563,0.275025,0.085075,0.017375,0.521416145648896,0.0321032670208277,0.0238032214176979,0.090711879915574,0.044000000000000004,0.0154122217044066,0.0594122217044066,-0.0043220287186474995,0.0028084659401146,0.0101080401045973,-0.0172385347633594,0.723124706988754,51.0
13367,"Merritt, Troy",USA,Fortinet Championship,1,19186955,7200,64033-78543,8300,golf.p.9921,30.0,0,2021-09-15 16:44:17 UTC,PGA,125.0,97.0,0.105095141719172,0.518975,0.064075,0.140325,0.02905,0.004075,0.0927384785891068,0.0238980622801232,-0.0110630279241905,-0.122643762337483,0.08,0.00046661618048926697,0.0804666161804893,0.0026542934168585705,0.0128594793611339,-0.0121552135455976,0.00195002760132227,0.06605066020490401,141.0
1547,"Mickelson, Phil",USA,Fortinet Championship,1,19186928,8100,64033-78547,10000,golf.p.29,41.0,1,2021-09-15 16:44:17 UTC,PGA,201.0,33.0,-0.240351701712863,0.445325,0.0457,0.101525,0.019775,0.002825,-0.24793673387178,0.00317126803028839,-0.0645246102484194,0.0103096679969994,0.05,0.0417981587515551,0.0917981587515551,0.012611291129216601,-0.0213493191595144,0.0101409328020005,0.0238196774867305,-0.19457095821214002,101.0
7489,"Moore, Ryan",USA,Fortinet Championship,1,19186941,7500,64033-78565,8700,golf.p.5217,28.0,0,2021-09-15 16:44:17 UTC,PGA,134.0,197.0,0.0393866737537088,0.476725,0.053925,0.120025,0.025175,0.003925,0.0261098985601309,-0.119980871710544,-0.021232350648908,-0.0888974964962757,0.016,0.0427516052441686,0.0587516052441686,0.040990571305888,0.0475475231164377,-0.0207372787497156,0.0141803269391659,-0.10425864374553999,126.0
21944,"Moore, Taylor",USA,Fortinet Championship,1,19186937,7700,64033-78566,8700,golf.p.20945,32.0,1,2021-09-15 16:44:17 UTC,KFT,58.0,130.0,0.570344518357404,0.622625,0.12945,0.2429,0.06615,0.012325,0.559559144703723,0.0167288561647214,0.0159583153157731,0.0109328994553433,-0.04,0.0,-0.04,0.0022312708481743585,-0.0208264968300563,0.0163394117401734,0.00671835593805726,0.565410486487735,101.0
18761,"Mullinax, Trey",USA,Fortinet Championship,1,19186991,6600,64033-78576,7400,golf.p.18555,21.0,0,2021-09-15 16:44:17 UTC,KFT,284.0,281.0,-0.600619906192563,0.4098,0.030825,0.075375,0.012925,0.001925,-0.60608289542784,-0.0127973401422471,0.012181138303735,0.0302000509363944,0.008,-0.0206932497104467,-0.0126932497104467,0.0313178874366205,-0.047823989975341,0.0323569818958589,0.0467848955161026,-0.5578744086037839,301.0
20770,"Munoz, Sebastian",COL,Fortinet Championship,1,19186917,9200,64033-78579,11100,golf.p.20691,35.0,0,2021-09-15 16:44:17 UTC,PGA,50.0,66.0,0.6847500819777521,0.635275,0.1449,0.2599,0.076,0.014425,0.673788248499106,-0.0224545824360504,0.0139244507708295,-0.0513343957867944,-0.016,-0.00927925401142325,-0.0252792540114232,-0.016725198863201163,0.009156432965007509,0.00603718188254073,-0.0319188137107494,0.5719192681724671,51.0
7452,"Na, Kevin",USA,Fortinet Championship,1,19186913,10000,64033-78588,11300,golf.p.3962,41.0,1,2021-09-15 16:44:17 UTC,PGA,20.0,25.0,1.32815563725949,0.695175,0.209775,0.34685,0.119675,0.02695,1.31537558644713,-0.017623809960966,-0.0186173819482665,-0.259400584741456,0.016,0.0477122601109554,0.0637122601109554,-0.06391390825398689,0.0226484809856147,-0.0182811024647393,-0.0682812867748623,1.01953216165341,23.0
16433,"NeSmith, Matthew",USA,Fortinet Championship,1,19187012,6400,64033-78591,7000,golf.p.13017,22.0,0,2021-09-15 16:44:17 UTC,PGA,180.0,221.0,-0.165418957939151,0.483325,0.053275,0.11745,0.02355,0.003475,-0.17819831372107603,-0.0033654046457068897,0.0165394194714711,-0.008900374029248771,-0.016,-0.009971608421432241,-0.0259716084214322,0.001897156190728,0.0120965444746721,-0.00260046702695012,-0.00759892125699398,-0.19799912515526502,301.0
11117,"Noh, Seung-Yul",KOR,Fortinet Championship,1,19187041,6100,64033-78598,7000,golf.p.9612,20.0,0,2021-09-15 16:44:17 UTC,PGA,290.0,501.0,-0.639668770307927,0.367275,0.023925,0.058875,0.010375,0.001425,-0.6270521120018641,-0.115696725152444,0.00840396129169707,-0.0644460539906326,-0.016,-0.0180911341204961,-0.0340911341204961,-0.02766122060215692,-0.0442019167962721,0.00864898255438141,0.007891713639733771,-0.860543284575896,451.0
23475,"Novak, Andrew",USA,Fortinet Championship,1,19187004,6500,64033-82360,8000,golf.p.22209,20.0,0,2021-09-15 16:44:17 UTC,KFT,200.0,305.0,-0.23768071712064803,0.49115,0.05895,0.126,0.0274,0.004125,-0.24578811108436602,0.0612720476240625,0.0217693568727544,0.0133044103616252,-0.04,0.0,-0.04,0.01650701813370814,0.00967612310837249,-0.00020847444201383,0.00703936946734948,-0.17293527809221598,301.0
7626,"O'Hair, Sean",USA,Fortinet Championship,1,19187030,6200,64033-78606,7000,golf.p.2876,20.0,1,2021-09-15 16:44:17 UTC,PGA,277.0,417.0,-0.568698352712187,0.39185,0.030075,0.07255,0.012125,0.001425,-0.577967237927097,0.000621924200757573,-0.0226851110381534,0.0284273163861558,0.02,0.008661569623417159,0.0286615696234172,0.03682583735196424,-0.003915787254886879,0.007968845322257721,0.0327727792845934,-0.506115701402955,
15475,"Pan, C.T.",TPE,Fortinet Championship,1,19186943,7500,64033-82773,9200,golf.p.9061,25.0,0,2021-09-15 16:44:17 UTC,PGA,108.0,143.0,0.16208494436453602,0.562575,0.0903,0.1802,0.042325,0.0063,0.149505287046901,0.000399640364496662,0.00985672168094254,0.0719617651920364,-0.004,-0.0308642338267692,-0.0348642338267693,-0.005220724863342021,0.00521080767147389,-0.00231774951795566,-0.00811378301686025,0.191638455594266,126.0
17780,"Pendrith, Taylor",CAN,Fortinet Championship,1,19186947,7400,64033-78660,8900,golf.p.18556,24.0,0,2021-09-15 16:44:17 UTC,KFT,93.0,232.0,0.264095315703957,0.58305,0.09955,0.199625,0.049675,0.00795,0.253986508649942,-0.0259391997442564,0.00840396129169713,0.0835517998430624,-0.04,0.0,-0.04,0.0498448929895037,-0.0273871069754352,0.0420390369548838,0.0351929630100551,0.32984796302994895,67.0
5874,"Percy, Cameron",AUS,Fortinet Championship,1,19186977,6800,64033-78662,8100,golf.p.3945,20.0,0,2021-09-15 16:44:17 UTC,PGA,189.0,352.0,-0.20704329153181897,0.44565,0.039025,0.0919,0.016375,0.002075,-0.21448093709545898,-0.0212820698248523,-0.0511592146673622,-0.101089428774548,0.0032,0.0867004137494155,0.0899004137494155,-5.341259707802035e-05,0.010401212040584999,-0.012848062018215,0.00239343738055198,-0.29816464920988395,251.0
19455,"Pereira, Mito",CHI,Fortinet Championship,1,19186930,8000,64033-78663,9900,golf.p.19103,32.0,0,2021-09-15 16:44:17 UTC,KFT,80.0,105.0,0.36322627413298497,0.59515,0.112025,0.217725,0.057125,0.010975,0.348990967952398,-0.0175729754691669,0.0217693568727543,0.0402999168795126,-0.04,0.0,-0.04,0.012943110818845461,0.0114487459192073,0.00794088526242807,-0.00644652036278991,0.36643037705434295,67.0
6762,"Perez, Pat",USA,Fortinet Championship,1,19186932,7900,64033-78665,9600,golf.p.3462,27.0,1,2021-09-15 16:44:17 UTC,PGA,53.0,192.0,0.606084952727852,0.567375,0.091675,0.184675,0.043475,0.00625,0.595794114836655,-0.0207900603871284,-0.0447670689546826,-0.229935852551748,0.00799999999999999,-0.0328582649637237,-0.0248582649637237,-0.0249333155910094,0.0138284125985396,-0.0121243578906162,-0.0266373702989328,0.250509552388363,81.0
28571,"Pettit, Turk",USA,Fortinet Championship,1,19187047,6100,64033-161550,7000,golf.p.24132,20.0,0,2021-09-15 16:44:17 UTC,,,,,0.45825,0.04575,0.10225,0.019725,0.00285,-0.500111181899894,0.15437186993433702,0.0345536482981134,-0.009456845338722571,-0.04,0.0,-0.04,0.01655834901845572,-0.00269170618773699,-0.00172229642708189,0.0209723516332746,-0.34408415998771,451.0
7899,"Piercy, Scott",USA,Fortinet Championship,1,19186966,7000,64033-78675,8400,golf.p.4726,25.0,0,2021-09-15 16:44:17 UTC,PGA,148.0,205.0,-0.0214268023455257,0.494275,0.058075,0.125875,0.02755,0.0041,-0.0296274948324314,-0.0219019139803025,-0.0354694024635124,-0.0501491099542839,0.068,-0.0290948669006533,0.0389051330993467,0.009664872390700921,-0.00452369598121944,0.00350536171844166,0.0106832066534787,-0.0885779157404825,201.0
21554,"Poston, J.T.",USA,Fortinet Championship,1,19186957,7200,64033-78689,8800,golf.p.20845,27.0,0,2021-09-15 16:44:17 UTC,PGA,187.0,121.0,-0.19436413437796696,0.4642,0.047725,0.106725,0.02135,0.002925,-0.20544697980754503,0.000748702696135417,0.0153772111600748,-0.0741933550212122,-0.016,-0.0015861675166077,-0.0175861675166077,0.019128076283388248,0.000235732231321769,-0.000428543640870821,0.0193208876929373,-0.261972512205767,201.0
8769,"Potter Jr, Ted",USA,Fortinet Championship,1,19187044,6100,64033-78690,7000,golf.p.6871,20.0,1,2021-09-15 16:44:17 UTC,,,,,0.219025,0.00485,0.016425,0.00185,0.000175,-1.50129394624061,-0.0158371997698503,-0.0180362777925684,-0.0510596929505024,0.008,-0.000893290769008656,0.007106709230991341,0.0287791960991678,-0.0138395027307653,-0.01608858121251,0.0587072800424431,-1.5503412114233703,
14704,"Putnam, Andrew",USA,Fortinet Championship,1,19186974,6900,64033-78698,8100,golf.p.11153,22.0,1,2021-09-15 16:44:17 UTC,PGA,119.0,147.0,0.11997763650209499,0.512175,0.0668,0.139775,0.0303,0.00425,0.11093568358281501,-0.00272915426170993,0.000268503111923168,-0.0985640587431768,0.005,0.0258641282566878,0.0308641282566878,-0.0420107441706281,0.0031618402002743,-0.0245519526954686,-0.0206206316754338,-0.0012356422240889,201.0
19195,"Rahm, Jon",ESP,Fortinet Championship,1,19186909,12100,64033-78707,12500,golf.p.18796,50.0,1,2021-09-15 16:44:17 UTC,PGA,1.0,1.0,2.69180435412469,0.90205,0.621175,0.751375,0.485325,0.218675,2.6749390404930096,-0.0083958677080247,0.020316596483509,-0.0308301755192293,-0.027999999999999997,0.00776468277387352,-0.0202353172261265,-0.06442432918197,0.0171817107382147,0.0286568653510303,-0.11026290527121499,2.57136994734117,4.75
18554,"Rai, Aaron",ENG,Fortinet Championship,1,19186948,7400,64033-78709,8800,golf.p.20884,34.0,1,2021-09-15 16:44:17 UTC,EURO,98.0,94.0,0.239110428935697,0.5673,0.099025,0.194125,0.04805,0.00855,0.229322530717679,-0.00699681402025967,0.0214788047949053,0.0938025657990132,-0.04,0.0,-0.04,0.021097413998245208,0.0343370479648822,-0.0040553959843316395,-0.00918423798230535,0.318704501289583,81.0
19840,"Ramey, Chad",USA,Fortinet Championship,1,19186969,7000,64033-79597,9900,golf.p.19920,28.0,0,2021-09-15 16:44:17 UTC,KFT,64.0,174.0,0.5144483695350639,0.6205,0.116175,0.22725,0.059025,0.01055,0.50379988747227,-0.0358453492396898,0.0124716903815841,0.0104318481523769,-0.04,0.0,-0.04,0.006221080429100963,0.000981136370388995,-0.00023185856731704302,0.00547180262602901,0.457079157195642,101.0
7961,"Reavie, Chez",USA,Fortinet Championship,1,19186924,8500,64033-78719,9800,golf.p.5000,27.0,1,2021-09-15 16:44:17 UTC,PGA,99.0,169.0,0.23556125006351697,0.5403,0.0835,0.165875,0.0405,0.0066,0.22552090541693104,0.0074223654243612295,-0.0250095276609459,-0.0204641562423649,0.128,0.0799932956597732,0.207993295659773,0.03409330470427685,0.0640340624798433,-0.0233238657872328,-0.00661689198833366,0.429556187302031,56.0
24481,"Redman, Doc",USA,Fortinet Championship,1,19186954,7200,64033-82446,9100,golf.p.22377,30.0,0,2021-09-15 16:44:17 UTC,PGA,158.0,178.0,-0.0776641515360956,0.4741,0.051725,0.11495,0.02275,0.00365,-0.0893931978371246,-0.01284081394115,0.0313575754417737,-0.136848503650896,-0.004,0.0270865902009554,0.0230865902009554,0.02447509762424238,0.0252474161369157,-0.00366012270913236,0.00288780419645904,-0.160163252162199,161.0
19643,"Reeves, Seth",USA,Fortinet Championship,1,19187017,6300,64033-80336,7600,golf.p.21358,20.0,1,2021-09-15 16:44:17 UTC,KFT,230.0,285.0,-0.40921919633703796,0.433375,0.03815,0.0929,0.015325,0.0021,-0.416114147349245,0.01249613773925,0.00753230505814995,0.0382413236079358,-0.016,-0.0077776961697311,-0.0237776961697311,0.04399491491984041,-0.0291285151863586,0.0315822998179602,0.0415411302882388,-0.3376271621938,301.0
19872,"Riley, Davis",USA,Fortinet Championship,1,19187015,6400,64033-79599,7000,golf.p.19934,20.0,0,2021-09-15 16:44:17 UTC,KFT,244.0,342.0,-0.45290887405690705,0.4405,0.037725,0.090675,0.015825,0.002175,-0.463237078726195,0.0114073247017824,0.0278709505075848,0.0354890822053579,-0.04,0.0,-0.04,0.0333153042985653,-0.0132146085420591,0.0185373459111376,0.0279925669294868,-0.395154417012904,251.0
16283,"Rodgers, Patrick",USA,Fortinet Championship,1,19186964,7000,64033-78739,8300,golf.p.12885,23.0,1,2021-09-15 16:44:17 UTC,PGA,105.0,213.0,0.19751731077535398,0.551275,0.0867,0.176275,0.040999999999999995,0.00675,0.18766871975299101,-0.0243001175787156,0.0121811383037351,0.0703367272669493,0.10400000000000001,0.0197811366215867,0.12378113662158699,0.0073702305390014175,-0.0198361074102525,0.022402731257271,0.00480360669198292,0.377037834905549,126.0
16715,"Ryder, Sam",USA,Fortinet Championship,1,19186980,6800,64033-78751,8000,golf.p.13099,22.0,0,2021-09-15 16:44:17 UTC,PGA,153.0,200.0,-0.0522223489602087,0.477325,0.0523,0.11565,0.022825,0.003175,-0.0639998200069974,-0.0182249924278314,0.00317402389041388,-0.13036747855664899,0.02,0.00223525474285448,0.0222352547428545,0.0017479758963208705,-0.0030320069735880802,-0.00209454538425875,0.0068745282541677,-0.18543503646188897,251.0
19477,"Schenk, Adam",USA,Fortinet Championship,1,19186950,7300,64033-78769,9400,golf.p.19122,25.0,0,2021-09-15 16:44:17 UTC,PGA,92.0,190.0,0.266973594459955,0.544025,0.08005,0.161525,0.0378,0.00615,0.257892040518563,-0.0243624863630983,0.0107283779144897,-0.10139342653142198,0.032,-0.0113221319918634,0.0206778680081366,0.005265152681926958,-0.0030617159140179802,0.0109129146175219,-0.00258604602157696,0.168807526228597,126.0
17509,"Seiffert, Chase",USA,Fortinet Championship,1,19187048,6100,64033-78782,7000,golf.p.13930,20.0,1,2021-09-15 16:44:17 UTC,PGA,263.0,287.0,-0.53190152043297,0.4146,0.033625,0.081,0.013775,0.001475,-0.53973241125386,0.0134540298347341,0.0089850654473953,0.0446347627609469,-0.016,-0.00413563857495902,-0.020135638574959,0.0283994649840661,0.0154766363845856,-0.0100064697483318,0.0229292983478123,-0.464394726801677,501.0
23482,"Sigg, Greyson",USA,Fortinet Championship,1,19186962,7100,64033-82357,8500,golf.p.22208,31.0,0,2021-09-15 16:44:17 UTC,KFT,154.0,141.0,-0.0548518687966543,0.50635,0.06265,0.134325,0.02835,0.00435,-0.0666727402953422,-0.0127058008247472,0.0214788047949053,0.007496441882298891,-0.04,0.0,-0.04,0.01643394695754852,-0.0017949548252693898,-0.00325326030756779,0.0214821620903857,-0.0739693474853367,201.0
11049,"Simpson, Webb",USA,Fortinet Championship,1,19186911,10800,64033-78804,11800,golf.p.8478,46.0,1,2021-09-15 16:44:17 UTC,PGA,9.0,22.0,1.53871110229685,0.7404,0.27699999999999997,0.4253,0.168075,0.043275,1.5258239826629099,-0.037458982848523,-0.0119346841577377,-0.15837272787572798,-0.016,-0.0422753828479018,-0.0582753828479018,-0.06405949597574523,0.0183289387352779,-0.006289521591056929,-0.0760989131199662,1.1957227089572702,19.0
10873,"Skinns, David",ENG,Fortinet Championship,1,19186994,6600,64033-78809,7000,golf.p.5985,25.0,1,2021-09-15 16:44:17 UTC,KFT,222.0,217.0,-0.36915413835916994,0.4407,0.0456,0.10305,0.020275,0.003325,-0.376321081045863,0.0946943948540529,-0.0244284235052478,-0.0234635596617127,-0.04,0.0,-0.04,0.009806088929492,-0.0138970585273468,0.0054749319211672,0.0182282155356716,-0.359712580429279,251.0
14050,"Sloan, Roger",CAN,Fortinet Championship,1,19186933,7800,64033-78811,9800,golf.p.11044,23.0,0,2021-09-15 16:44:17 UTC,PGA,116.0,219.0,0.136335155994519,0.54445,0.0811,0.166425,0.03705,0.006025,0.12383254455345201,0.00955288351646513,-0.0058330905229072895,-0.00131250642701699,0.02,0.0329800654886618,0.0529800654886618,-0.003001627756345282,0.00211715715621646,-0.00028550561145552204,-0.00483327930110622,0.17621826885230898,101.0
18474,"Smalley, Alex",USA,Fortinet Championship,1,19186965,7000,64033-80560,8800,golf.p.18385,20.0,0,2021-09-15 16:44:17 UTC,SAM,150.0,427.0,-0.0232404499673318,0.5528,0.09005,0.181075,0.0428,0.0067,-0.030259087641122,0.152812000431932,0.0272898463518867,0.0208328023784563,-0.04,0.0,-0.04,0.025336549182641187,0.0105015339366458,0.00508243417095609,0.0097525810750393,0.156012110703794,141.0
22985,"Smotherman, Austin",USA,Fortinet Championship,1,19187021,6300,64033-80362,7200,golf.p.21440,20.0,0,2021-09-15 16:44:17 UTC,KFT,258.0,321.0,-0.5005095235592679,0.4266,0.0359,0.08535,0.014875,0.002075,-0.510116891543724,0.0362606017905024,0.0188638360942636,-0.0141104634073801,-0.04,0.0,-0.04,0.0346790586423465,-0.0064178584798332,0.0027562490229675,0.0383406680992122,-0.47442385842399204,301.0
8820,"Snedeker, Brandt",USA,Fortinet Championship,1,19186926,8300,64033-78821,9900,golf.p.6936,30.0,0,2021-09-15 16:44:17 UTC,PGA,109.0,151.0,0.157331154750065,0.50385,0.0626,0.13395,0.0278,0.003825,0.14782710798861098,-0.00394644112847323,-0.0282056005172857,-0.193322573117104,0.05,0.0261593913064321,0.0761593913064321,-0.02095333506661124,0.007681537247584559,-0.0200793960352085,-0.0085554762789873,-0.0224414505344305,101.0
17536,"Spaun, J.J.",USA,Fortinet Championship,1,19187011,6400,64033-78831,7000,golf.p.20374,20.0,1,2021-09-15 16:44:17 UTC,PGA,267.0,382.0,-0.548198682093165,0.4068,0.0315,0.077225,0.012875,0.0014,-0.557218069448298,-0.0151468543985968,0.0057889925910554795,0.0809709970915924,0.055999999999999994,-0.00334034594801059,0.0526596540519894,0.0355458457357172,0.0198365437277584,-0.0143484582780774,0.0300577602860362,-0.39739943437653996,301.0
7602,"Stadler, Kevin",USA,Fortinet Championship,1,19187059,6000,64033-79626,7000,golf.p.5630,20.0,0,2021-09-15 16:44:17 UTC,,,,,0.100075,0.0005,0.002175,7.5e-05,2.5e-05,-2.55528911271881,-0.0128498162256956,-0.0311111212957762,-0.038661794161980005,-0.027999999999999997,-0.0288397783372446,-0.0568397783372446,0.0887630132871563,-0.0017715517938794,-0.0174583106333213,0.10799287571435699,-2.6059886094523503,1501.0
12359,"Stallings, Scott",USA,Fortinet Championship,1,19186975,6900,64033-78839,8500,golf.p.9183,20.0,1,2021-09-15 16:44:17 UTC,PGA,132.0,224.0,0.0458660258789373,0.5061,0.063525,0.13675,0.02855,0.004225,0.0340582961060124,0.0114844635036958,-0.013096892469133998,-0.0234074527497311,0.02,-0.0317920027528688,-0.0117920027528688,-0.00717774182169016,-0.009062733876939809,0.0021161525423499103,-0.00023116048710026098,-0.009931330183715871,201.0
12069,"Stanley, Kyle",USA,Fortinet Championship,1,19186985,6700,64033-78841,9000,golf.p.9033,22.0,1,2021-09-15 16:44:17 UTC,PGA,129.0,216.0,0.0703159396289865,0.544475,0.084875,0.174,0.0413,0.006875,0.058424820526678,0.0141925659177299,-0.0037992259779638,0.11953881143178399,-0.004,0.008253494462023241,0.00425349446202324,0.024016521191026374,0.0351012561392958,-0.004697899209883429,-0.0063868357383859995,0.21662698755127802,161.0
11019,"Steele, Brendan",USA,Fortinet Championship,1,19186945,7400,64033-78843,9200,golf.p.9555,33.0,0,2021-09-15 16:44:17 UTC,PGA,146.0,118.0,-0.0143805546530743,0.4909,0.0562,0.12385,0.025675,0.0036,-0.0267437125027258,-0.00318325833558115,-0.0200701423375117,-0.0960263317899944,0.128,0.10354972664670299,0.231549726646703,0.01970783693769116,0.0104374831405053,0.00563802652462637,0.00363232727255949,0.105234118618581,101.0
17511,"Straka, Sepp",AUT,Fortinet Championship,1,19186940,7600,64033-80579,9400,golf.p.13928,28.0,1,2021-09-15 16:44:17 UTC,PGA,120.0,153.0,0.11715819161948302,0.5135,0.0712,0.147775,0.03445,0.005575,0.10460086216042301,0.0157220301927473,0.0150866590822258,-0.0950638183465394,0.02,0.0327010856409142,0.0527010856409142,-0.0029050013011210707,-0.0101889294482883,0.0132774160115557,-0.00599348786438847,0.0901418174286499,81.0
9604,"Stroud, Chris",USA,Fortinet Championship,1,19187054,6000,64033-78859,7000,golf.p.7297,20.0,1,2021-09-15 16:44:17 UTC,,,,,0.284225,0.012225,0.0336,0.004325,0.0005,-1.07024481392871,-0.0103256511085119,-0.0241378714273988,-0.0626914372146755,0.044000000000000004,-0.0713563361460874,-0.0273563361460874,0.020802169379583,-0.0120535879545401,-0.0142787877077556,0.0471345450418787,-1.1739539404458,601.0
13022,"Stuard, Brian",USA,Fortinet Championship,1,19186938,7600,64033-78862,9500,golf.p.9664,23.0,0,2021-09-15 16:44:17 UTC,PGA,114.0,202.0,0.139724927658087,0.478825,0.050125,0.114425,0.02185,0.003025,0.12632404556039198,-0.018412512020581,-0.021232350648908,-0.27380908121169,0.08,0.0332246582694406,0.113224658269441,0.009734280485328126,0.0510392525106414,-0.0385772527324491,-0.00272771929286417,-0.0641709595660171,111.0
22050,"Suh, Justin",USA,Fortinet Championship,1,19209935,6400,64033-78866,7800,golf.p.20979,20.0,1,2021-09-15 16:44:17 UTC,PGA,316.0,501.0,-0.734432751587599,0.328025,0.017375,0.045775,0.006525,0.0007,-0.7395131505053579,-0.177841698262625,0.0293237108968303,-0.0286772882603866,-0.04,0.0,-0.04,0.055998943559724394,-0.00657516399595365,0.00835171328507274,0.0542223942706053,-0.9007094825718158,
13997,"Svensson, Adam",CAN,Fortinet Championship,1,19186958,7200,64033-78872,8400,golf.p.14037,28.0,1,2021-09-15 16:44:17 UTC,KFT,111.0,171.0,0.148752481732977,0.534875,0.076875,0.15835,0.036475,0.005875,0.13930438090328698,-0.0125565561981579,0.0174110757050183,0.00227768200266816,-0.016,0.0180002436107136,0.0020002436107136,0.007937418904658232,0.0192214290833781,-0.0093010571839716,-0.00198295299474827,0.156374244928187,176.0
14706,"Swafford, Hudson",USA,Fortinet Championship,1,19186956,7200,64033-78874,8600,golf.p.11161,25.0,0,2021-09-15 16:44:17 UTC,PGA,173.0,126.0,-0.129735582634502,0.503325,0.0638,0.13475,0.0286,0.00435,-0.13785728961928,0.0115351366891588,-0.00467088221151102,0.0423450840834289,0.08,0.0299790118075989,0.10997901180759899,0.029355789864158762,0.00229570598480736,0.0112459899354707,0.0158140939438807,0.0506868506135545,111.0
20519,"Tarren, Callum",ENG,Fortinet Championship,1,19187024,6300,64033-107347,7300,golf.p.21340,20.0,1,2021-09-15 16:44:17 UTC,KFT,215.0,437.0,-0.340572072822237,0.4347,0.039425,0.09305,0.017025,0.00235,-0.3511052488291261,-0.00317805276351263,0.0060795446689045395,-0.00407958553522067,-0.04,0.0,-0.04,0.024061002923436,-0.0200833215122213,0.0105322147728636,0.0336121096627937,-0.36822233953551897,301.0
13126,"Taylor, Nick",CAN,Fortinet Championship,1,19186951,7300,64033-78889,9600,golf.p.4027,26.0,0,2021-09-15 16:44:17 UTC,PGA,131.0,180.0,0.0610912031332684,0.509,0.062825,0.13545,0.029425,0.0046,0.0521250522433171,0.00477023700618449,-0.00263701766656751,-0.11530410654252499,0.068,0.0153085399054117,0.0833085399054117,0.010624019477232929,0.009591971207139359,-0.00296124275634344,0.00399329102643701,0.0328867244230535,126.0
6930,"Taylor, Vaughn",USA,Fortinet Championship,1,19187042,6100,64033-78890,7200,golf.p.994,20.0,0,2021-09-15 16:44:17 UTC,PGA,221.0,297.0,-0.355597479190395,0.376075,0.02205,0.0591,0.00975,0.00105,-0.36754549751873405,-0.00849319184513442,-0.0447670689546826,-0.31300694287711894,0.012,-0.00381775010315466,0.00818224989684534,0.0056262203764305945,0.0258106858236674,-0.0299775475102974,0.009793082063060591,-0.7200042309223941,401.0
23014,"Theegala, Sahith",USA,Fortinet Championship,1,19186946,7400,64033-79759,8900,golf.p.21421,20.0,0,2021-09-15 16:44:17 UTC,KFT,130.0,442.0,0.06114713092322701,0.533025,0.0801,0.16245,0.038525,0.005825,0.0525100642236496,0.0273411866372762,0.0310670233639246,-0.0255826860545428,-0.016,0.031456935948643,0.015456935948643,-0.03487111803935759,-0.0290471273283849,0.0024762959971586103,-0.0083002867081313,0.06592140607959299,111.0
19395,"Thompson, Curtis",USA,Fortinet Championship,1,19187037,6200,64033-155106,7000,golf.p.18612,20.0,1,2021-09-15 16:44:17 UTC,KFT,381.0,300.0,-0.894542715718987,0.337025,0.01675,0.04435,0.005475,0.00055,-0.8988781712090309,0.0295549730159941,0.0136338986929805,-0.0133228440443198,-0.04,0.0,-0.04,0.051352198019109396,-0.0314381588676653,0.0114467645602536,0.0713435923265211,-0.8576599455252671,401.0
12946,"Thompson, Michael",USA,Fortinet Championship,1,19186973,6900,64033-78897,8400,golf.p.9607,26.0,1,2021-09-15 16:44:17 UTC,PGA,123.0,148.0,0.110211381355535,0.527225,0.0739,0.153675,0.034925,0.005475,0.0973374432153851,0.00876115966380937,-0.012806340391285,0.00206336864317213,0.035,0.0186307619927183,0.0536307619927183,0.013588786551095381,0.0304633004367118,-0.0148880564759223,-0.00198645740969412,0.162575179674895,176.0
12425,"Todd, Brendon",USA,Fortinet Championship,1,19186925,8400,64033-78904,10400,golf.p.9270,36.0,1,2021-09-15 16:44:17 UTC,PGA,73.0,81.0,0.43013922967656204,0.574,0.102625,0.2001,0.0514,0.0094,0.419501780525566,0.01789297043847,-0.0119346841577378,-0.0628169967431863,-0.016,0.00133939187130989,-0.0146606081286901,0.008938408178354399,0.0630732416575895,-0.0326109030709133,-0.0215239304083218,0.356920870112776,81.0
7236,"Trahan, D.J.",USA,Fortinet Championship,1,19187043,6100,64033-78909,7000,golf.p.2267,20.0,0,2021-09-15 16:44:17 UTC,,,,,0.253025,0.006325,0.0206,0.002,0.0003,-1.35531190025988,-0.0849195899700543,-0.0279150484394368,0.0677089978583107,-0.027999999999999997,0.0445611135855944,0.0165611135855944,0.04037110901084659,-0.0158079622182795,-0.00425305032978001,0.0604321215589061,-1.3435053182146202,501.0
15634,"Trainer, Martin",USA,Fortinet Championship,1,19187058,6000,64033-78910,7000,golf.p.11845,20.0,1,2021-09-15 16:44:17 UTC,,,,,0.127975,0.000975,0.0045,0.000225,0.0,-2.2411162532421,0.0528524861184705,0.00782285713599906,-0.0876985376663344,0.008,0.0319257505994822,0.0399257505994822,0.058627357779486286,-0.0611433302915325,0.0118250931673748,0.10794559490364398,-2.16958633927499,1501.0
14013,"Tringale, Cameron",USA,Fortinet Championship,1,19186914,9700,64033-78913,11000,golf.p.10182,39.0,1,2021-09-15 16:44:17 UTC,PGA,36.0,72.0,0.9971627047236079,0.652275,0.15825,0.28285,0.083825,0.01655,0.9852998308602159,0.0188077276550649,-0.00467088221151091,-0.222190750330657,0.10400000000000001,0.0145059954190476,0.118505995419048,-0.051624088978837905,4.5733279179687103e-05,0.00253924161351251,-0.0542090638715301,0.8441278324133229,46.0
13127,"Tway, Kevin",USA,Fortinet Championship,1,19186993,6600,64033-78918,7900,golf.p.9713,20.0,1,2021-09-15 16:44:17 UTC,PGA,197.0,501.0,-0.21935970373391503,0.465425,0.0487,0.1112,0.021975,0.00355,-0.22710322511813197,0.0532444311011945,-0.00147480935517125,-0.0196521069978804,0.055999999999999994,0.017889350946881,0.073889350946881,-0.006642545595027697,-0.0393650341429773,0.0198585170999401,0.0128639714480095,-0.12773890501813498,251.0
11357,"Uihlein, Peter",USA,Fortinet Championship,1,19186970,6900,64033-78919,8700,golf.p.8623,20.0,1,2021-09-15 16:44:17 UTC,PGA,156.0,240.0,-0.0747203243869547,0.4828,0.05405,0.12055,0.024,0.003425,-0.0821340949579455,0.006432077087367929,0.00230236765686667,-0.0353060659851631,-0.004,-0.0684421453962295,-0.0724421453962295,-0.061765419237023625,-0.0620593650122366,0.0102612766836673,-0.00996733090845432,-0.242913280832127,201.0
9883,"Van Der Walt, Dawie",RSA,Fortinet Championship,1,19187019,6300,64033-78927,7800,golf.p.7518,20.0,1,2021-09-15 16:44:17 UTC,KFT,211.0,387.0,-0.319348379764504,0.421725,0.035475,0.084325,0.014525,0.00185,-0.326000656987155,-0.0338206389088124,-0.0206512464932099,-0.0462282171937491,-0.027999999999999997,-0.0050166807951183105,-0.0330166807951183,-0.014334506459889512,-0.0266827434446243,0.00108679538047549,0.0112614416042593,-0.47405194683793395,301.0
6457,"Van Pelt, Bo",USA,Fortinet Championship,1,19187020,6300,64033-117242,7300,golf.p.1685,20.0,0,2021-09-15 16:44:17 UTC,PGA,333.0,351.0,-0.763561732548832,0.35635,0.020175,0.05255,0.007775,0.000975,-0.755244734901695,0.0440356315148878,-0.0473820376553242,-0.0688365228211898,0.008,0.015343314907556001,0.023343314907556,0.01399316868235586,-0.0123883099526293,-0.007214607934002141,0.0335960865689873,-0.7900911802734091,301.0
16602,"Varner III, Harold",USA,Fortinet Championship,1,19186918,9100,64033-78935,10900,golf.p.13086,39.0,0,2021-09-15 16:44:17 UTC,PGA,47.0,80.0,0.7746744242746879,0.638025,0.14515,0.26165,0.074375,0.01505,0.763751528648119,-0.0187497038268725,0.0054984405132063605,-0.11779693534825598,0.10400000000000001,0.060641438472895,0.164641438472895,-0.03753405172608154,-0.0023728397169555803,0.00785557490481184,-0.0430167869139378,0.7598107167330099,46.0
15651,"Ventura, Kristoffer",NOR,Fortinet Championship,1,19209936,6100,64033-84729,7500,golf.p.22778,20.0,1,2021-09-15 16:44:17 UTC,PGA,447.0,458.0,-1.15779822257402,0.265725,0.007925,0.025725,0.002675,0.000325,-1.16230048332647,-0.0623723411676314,0.0214788047949055,-0.0457477783534138,0.008,0.0245620191941163,0.0325620191941163,0.05756729448248849,-0.026197079520930002,0.0146184418197191,0.0691459321836994,-1.158812484376,
7955,"Watney, Nick",USA,Fortinet Championship,1,19187038,6100,64033-78959,7400,golf.p.5974,20.0,1,2021-09-15 16:44:17 UTC,PGA,477.0,501.0,-1.22931403512615,0.2308,0.00595,0.018925,0.0019,0.000275,-1.23488914315641,-0.14684263288781302,-0.0267528401280401,-0.0699012341443397,0.068,0.02431375812387,0.09231375812387,0.015754312102646183,-0.0402985156279821,0.00646574564156098,0.0495870820890673,-1.37031778009009,351.0
28558,"Werbylo, Trevor",USA,Fortinet Championship,1,19187033,6200,64033-161546,7000,golf.p.24133,20.0,1,2021-09-15 16:44:17 UTC,,,,,0.284175,0.01035,0.029425,0.00375,0.000375,-1.24610464541075,0.0778141886435546,0.032810335831019,-0.0344351684226587,-0.04,0.0,-0.04,0.042756576509793406,-0.00780931501129135,-0.00589973868607314,0.0564656302071579,-1.16715871284904,401.0
25908,"Whaley, Vincent",USA,Fortinet Championship,1,19186990,6600,64033-116974,8400,golf.p.23080,20.0,0,2021-09-15 16:44:17 UTC,PGA,126.0,286.0,0.0977791520645926,0.54665,0.08375,0.16915,0.0395,0.0061,0.0882862563988976,0.008457487164311609,0.0214788047949053,0.0309253292531653,-0.004,0.0198105932562719,0.015810593256271998,-0.004388344693668821,-0.02165292352953,0.007073008944027679,0.0101915698918335,0.160570126173883,176.0
12920,"Willett, Danny",ENG,Fortinet Championship,1,19186971,6900,64033-78984,8500,golf.p.9611,21.0,1,2021-09-15 16:44:17 UTC,PGA,190.0,156.0,-0.20862913050483603,0.446,0.043425,0.100675,0.019025,0.002775,-0.215656385767112,-0.0257571941880541,-0.00438033013366193,-0.0414064558034845,-0.034,-0.015157608547387,-0.049157608547387,-0.005436935535614732,-0.0178896692816148,0.00550907739449919,0.00694365635150088,-0.341794909975314,176.0
18164,"Wolfe, Jared",USA,Fortinet Championship,1,19187029,6200,64033-161549,7000,golf.p.17148,20.0,1,2021-09-15 16:44:17 UTC,KFT,355.0,322.0,-0.8285534750533929,0.328575,0.01645,0.0437,0.0062,0.000875,-0.8357686489909429,-0.0501683037683296,-0.00263701766656743,-0.0228829763972429,-0.04,0.0,-0.04,0.030640192487997507,-0.0054424787892599896,-0.0039677188707802,0.0400503901480377,-0.920816754335085,301.0
25213,"Wu, Brandon",USA,Fortinet Championship,1,19187007,6400,64033-107350,7900,golf.p.22793,24.0,0,2021-09-15 16:44:17 UTC,KFT,326.0,233.0,-0.7535252225015359,0.3694,0.022625,0.05725,0.008475,0.001125,-0.762427039929508,-0.0149449838032291,0.028452054663282995,-0.0205563510221314,-0.04,0.0,-0.04,0.05725114043408072,0.00930578168562669,0.000605968481980926,0.0473393902664731,-0.752225179657505,251.0
25002,"Wu, Dylan",USA,Fortinet Championship,1,19187009,6400,64033-117701,8100,golf.p.23235,20.0,1,2021-09-15 16:44:17 UTC,KFT,217.0,290.0,-0.34227210547562004,0.4347,0.03955,0.0927,0.0174,0.0022,-0.352723628977141,-0.0216722795009821,0.0264181901183395,0.0149202888041794,-0.04,0.0,-0.04,0.022953408960529,-0.0169097710239241,0.0149565941178635,0.0249065858665896,-0.35010402059507506,301.0
26651,"Young, Cameron",USA,Fortinet Championship,1,19187006,6500,64033-107336,8000,golf.p.23294,28.0,1,2021-09-15 16:44:17 UTC,KFT,262.0,172.0,-0.525457315017684,0.4158,0.034975,0.0839,0.015325,0.002175,-0.533351926295327,0.0274721791915638,0.0290331588189811,0.026894937078562997,-0.04,0.0,-0.04,0.042138830545767,-0.0296085710910526,0.0247203236329702,0.0470270780038494,-0.447812820660452,301.0
19428,"Zalatoris, Will",USA,Fortinet Championship,1,19186912,10500,64033-79018,11400,golf.p.19044,45.0,0,2021-09-15 16:44:17 UTC,PGA,40.0,31.0,0.9684648721824541,0.7039,0.21745,0.353875,0.125775,0.0281,0.9556124023700041,0.0236553653038034,0.0267087421961886,-0.00203180152732178,-0.04,0.0,-0.04,-0.0370461869440769,-0.0123579671883012,0.0217019989957519,-0.0463902187515276,0.926898521398598,23.0
